Model,N_features,CV_RMSE,CV_MAE,CV_R2,Test_RMSE,Test_MAE,Test_R2
Ridge,5,30868.0,23324.0,0.3472,27533.0,20821.0,0.3662
Ridge,6,30465.0,22902.0,0.3644,26593.0,20067.0,0.4088
Ridge,7,30165.0,22738.0,0.3771,25642.0,19643.0,0.4503
Ridge,8,29923.0,22593.0,0.387,25570.0,19513.0,0.4534
Ridge,9,29940.0,22616.0,0.3863,25522.0,19485.0,0.4554
Ridge,10,29799.0,22479.0,0.3925,25145.0,19228.0,0.4714
Ridge,11,29828.0,22496.0,0.3913,25151.0,19231.0,0.4711
Ridge,12,30675.0,22939.0,0.3566,25518.0,19497.0,0.4556
Ridge,13,30690.0,22952.0,0.356,25502.0,19481.0,0.4563
Ridge,14,30675.0,22905.0,0.3565,25471.0,19461.0,0.4576
Ridge,15,30674.0,22910.0,0.3565,25430.0,19421.0,0.4594
Ridge,16,30681.0,22950.0,0.3559,25128.0,19142.0,0.4721
Ridge,17,30810.0,23008.0,0.3503,25067.0,19082.0,0.4747
Ridge,18,30794.0,23004.0,0.3509,25027.0,19022.0,0.4764
Ridge,19,30686.0,22943.0,0.3556,24928.0,18858.0,0.4805
Ridge,20,30679.0,22937.0,0.3559,24973.0,18902.0,0.4786
Ridge,21,30678.0,22963.0,0.3559,24858.0,18849.0,0.4834
Ridge,22,30686.0,22975.0,0.3557,24918.0,18908.0,0.4809
Ridge,23,30694.0,22983.0,0.3553,24936.0,18910.0,0.4802
Ridge,24,30606.0,22918.0,0.3589,24826.0,18773.0,0.4848
Ridge,25,30648.0,22948.0,0.3572,24817.0,18768.0,0.4851
Ridge,26,30538.0,22868.0,0.3616,24575.0,18483.0,0.4951
Ridge,27,30406.0,22824.0,0.3672,24461.0,18367.0,0.4998
Ridge,28,30362.0,22838.0,0.3689,24556.0,18418.0,0.4959
Ridge,29,30370.0,22851.0,0.3687,24547.0,18394.0,0.4963
Ridge,30,30400.0,22891.0,0.3673,24464.0,18322.0,0.4996
Ridge,31,30388.0,22851.0,0.3678,24382.0,18340.0,0.503
Ridge,32,30391.0,22855.0,0.3677,24373.0,18337.0,0.5034
Ridge,33,30401.0,22867.0,0.3673,24404.0,18340.0,0.5021
Ridge,34,30396.0,22876.0,0.3675,24339.0,18321.0,0.5048
Ridge,35,30386.0,22852.0,0.3679,24420.0,18372.0,0.5015
Ridge,36,30402.0,22856.0,0.3673,24465.0,18427.0,0.4996
Ridge,37,30446.0,22899.0,0.3655,24451.0,18423.0,0.5002
Ridge,38,30479.0,22903.0,0.3642,24421.0,18437.0,0.5014
Ridge,39,30515.0,22949.0,0.3627,24453.0,18466.0,0.5001
Ridge,40,30538.0,22968.0,0.3617,24453.0,18466.0,0.5001
Ridge,41,30576.0,23011.0,0.3602,24458.0,18470.0,0.4999
Ridge,42,30610.0,23017.0,0.3588,24475.0,18476.0,0.4992
Ridge,43,30632.0,23063.0,0.3578,24570.0,18569.0,0.4953
Ridge,44,30645.0,23056.0,0.3573,24593.0,18575.0,0.4944
Ridge,45,30669.0,23076.0,0.3563,24561.0,18515.0,0.4957
Ridge,46,30595.0,22997.0,0.3595,24575.0,18637.0,0.4951
Ridge,47,30607.0,22994.0,0.359,24579.0,18632.0,0.495
Ridge,48,30566.0,22944.0,0.3607,24651.0,18749.0,0.492
Ridge,49,30476.0,22908.0,0.3642,24866.0,18814.0,0.4831
Ridge,50,30478.0,22905.0,0.3641,24825.0,18812.0,0.4848
Ridge,51,30498.0,22930.0,0.3633,24851.0,18811.0,0.4837
Ridge,52,30512.0,22936.0,0.3627,24851.0,18810.0,0.4837
Ridge,53,30502.0,22946.0,0.3631,24969.0,18934.0,0.4788
Ridge,54,30510.0,22972.0,0.3628,24954.0,18914.0,0.4794
Ridge,55,30533.0,22993.0,0.3618,24949.0,18917.0,0.4796
Ridge,56,30542.0,22926.0,0.3614,24886.0,18842.0,0.4822
Ridge,57,30548.0,22937.0,0.3612,24872.0,18841.0,0.4828
Ridge,58,30572.0,22938.0,0.3602,24900.0,18857.0,0.4817
Ridge,59,31644.0,23468.0,0.3114,25232.0,19108.0,0.4678
Ridge,60,31642.0,23471.0,0.3115,25237.0,19118.0,0.4675
Ridge,61,31674.0,23498.0,0.3103,25230.0,19110.0,0.4678
Ridge,62,31695.0,23540.0,0.3093,25203.0,19033.0,0.469
Ridge,63,31689.0,23536.0,0.3096,25194.0,19022.0,0.4694
Ridge,64,31739.0,23570.0,0.3073,25214.0,19048.0,0.4685
Ridge,65,31666.0,23511.0,0.3105,25202.0,19046.0,0.469
Ridge,66,31678.0,23526.0,0.31,25203.0,19047.0,0.469
Ridge,67,31689.0,23542.0,0.3095,25205.0,19048.0,0.4689
Ridge,68,31707.0,23555.0,0.3087,25203.0,19041.0,0.469
Ridge,69,31716.0,23560.0,0.3083,25206.0,19044.0,0.4688
Ridge,70,31760.0,23582.0,0.3065,25203.0,19044.0,0.469
Ridge,71,31828.0,23640.0,0.3037,25295.0,19132.0,0.4651
Ridge,72,31832.0,23650.0,0.3035,25344.0,19171.0,0.463
Ridge,73,31855.0,23656.0,0.3025,25329.0,19163.0,0.4637
Ridge,74,31861.0,23654.0,0.3022,25326.0,19159.0,0.4638
Ridge,75,31871.0,23667.0,0.3018,25315.0,19138.0,0.4643
Ridge,76,31873.0,23664.0,0.3017,25299.0,19072.0,0.4649
Ridge,77,31876.0,23668.0,0.3016,25313.0,19079.0,0.4643
Ridge,78,31892.0,23679.0,0.3007,25355.0,19107.0,0.4626
Ridge,79,31883.0,23683.0,0.3012,25421.0,19164.0,0.4597
Ridge,80,31866.0,23664.0,0.3019,25441.0,19155.0,0.4589
Ridge,81,31811.0,23674.0,0.3038,25499.0,19137.0,0.4564
Ridge,82,31870.0,23699.0,0.3011,25463.0,19132.0,0.458
Ridge,83,31801.0,23637.0,0.3042,25480.0,19134.0,0.4572
Ridge,84,31797.0,23634.0,0.3044,25514.0,19188.0,0.4558
Ridge,85,31817.0,23668.0,0.3037,25634.0,19297.0,0.4507
Ridge,86,31844.0,23597.0,0.3025,25535.0,19241.0,0.4549
Ridge,87,31854.0,23606.0,0.302,25529.0,19237.0,0.4551
Ridge,88,31873.0,23584.0,0.3012,25660.0,19263.0,0.4496
Ridge,89,31884.0,23593.0,0.3007,25658.0,19271.0,0.4496
Ridge,90,31862.0,23585.0,0.3016,25647.0,19257.0,0.4501
Ridge,91,31867.0,23591.0,0.3014,25644.0,19269.0,0.4502
Ridge,92,31899.0,23612.0,0.3,25659.0,19270.0,0.4496
Ridge,93,31914.0,23626.0,0.2993,25657.0,19270.0,0.4497
Ridge,94,32194.0,23869.0,0.2863,27692.0,20090.0,0.3589
Ridge,95,32910.0,24105.0,0.2513,27139.0,20177.0,0.3843
Ridge,96,32915.0,24109.0,0.2511,27152.0,20196.0,0.3837
Ridge,97,32932.0,24123.0,0.2502,27152.0,20195.0,0.3837
Ridge,98,32940.0,24135.0,0.2498,27161.0,20195.0,0.3833
Ridge,99,33036.0,24193.0,0.2458,27050.0,20179.0,0.3883
Ridge,100,33022.0,24189.0,0.2466,27017.0,20132.0,0.3898
Ridge,101,33040.0,24206.0,0.2457,27013.0,20129.0,0.39
Ridge,102,33074.0,24222.0,0.2442,26986.0,20107.0,0.3912
Ridge,103,32997.0,24206.0,0.2475,26764.0,19915.0,0.4012
Ridge,104,33020.0,24228.0,0.2465,26771.0,19922.0,0.4008
Ridge,105,33043.0,24263.0,0.2453,26873.0,20012.0,0.3963
Ridge,106,33059.0,24259.0,0.2447,26900.0,20030.0,0.3951
Ridge,107,33076.0,24271.0,0.2439,26898.0,20027.0,0.3952
Ridge,108,33121.0,24317.0,0.2419,26929.0,20062.0,0.3937
Ridge,109,33137.0,24329.0,0.2412,26929.0,20062.0,0.3938
Ridge,110,33133.0,24329.0,0.2413,26901.0,20048.0,0.395
Ridge,111,33159.0,24346.0,0.2401,26910.0,20059.0,0.3946
Ridge,112,33184.0,24349.0,0.2389,26901.0,20049.0,0.395
Ridge,113,33202.0,24388.0,0.2381,26789.0,20056.0,0.4
Ridge,114,33242.0,24417.0,0.236,26805.0,20071.0,0.3993
Ridge,115,33174.0,24360.0,0.2391,26799.0,20082.0,0.3996
Ridge,116,33165.0,24344.0,0.2396,26794.0,20121.0,0.3998
Ridge,117,33171.0,24359.0,0.2395,26770.0,20096.0,0.4009
Ridge,118,33194.0,24380.0,0.2385,26775.0,20098.0,0.4007
Ridge,119,33195.0,24381.0,0.2385,26772.0,20116.0,0.4008
Ridge,120,33188.0,24379.0,0.2388,26772.0,20117.0,0.4008
Ridge,121,33217.0,24394.0,0.2376,26801.0,20136.0,0.3995
Ridge,122,33447.0,24541.0,0.2274,26803.0,20142.0,0.3994
Ridge,123,33482.0,24556.0,0.2257,26799.0,20149.0,0.3996
Ridge,124,33482.0,24553.0,0.2257,26820.0,20163.0,0.3986
Ridge,125,33509.0,24566.0,0.2245,26821.0,20164.0,0.3986
Ridge,126,33550.0,24607.0,0.2227,26820.0,20157.0,0.3986
Ridge,127,33579.0,24617.0,0.2215,26820.0,20157.0,0.3987
Ridge,128,33646.0,24661.0,0.2183,26838.0,20182.0,0.3978
Ridge,129,33562.0,24619.0,0.2227,26965.0,20166.0,0.3921
Ridge,130,33559.0,24620.0,0.2229,26987.0,20176.0,0.3911
Ridge,131,33578.0,24641.0,0.2221,27025.0,20173.0,0.3894
Ridge,132,33603.0,24667.0,0.221,27030.0,20167.0,0.3892
Ridge,133,33656.0,24719.0,0.2186,27039.0,20168.0,0.3888
Ridge,134,33680.0,24719.0,0.2173,27104.0,20299.0,0.3858
Ridge,135,33706.0,24729.0,0.2162,27097.0,20276.0,0.3862
Ridge,136,33719.0,24741.0,0.2157,27101.0,20279.0,0.386
Ridge,137,33741.0,24770.0,0.2147,27117.0,20284.0,0.3852
Ridge,138,33746.0,24778.0,0.2145,27117.0,20283.0,0.3853
Ridge,139,33739.0,24756.0,0.2148,27117.0,20297.0,0.3852
Ridge,140,33743.0,24760.0,0.2147,27121.0,20298.0,0.3851
RandomForest,5,31217.0,23495.0,0.3325,27761.0,21025.0,0.3557
RandomForest,6,30928.0,23278.0,0.3454,26843.0,20650.0,0.3976
RandomForest,7,30569.0,23111.0,0.3608,26394.0,20404.0,0.4176
RandomForest,8,30800.0,23250.0,0.3511,26208.0,20308.0,0.4258
RandomForest,9,30799.0,23227.0,0.3511,26069.0,20231.0,0.4318
RandomForest,10,30572.0,23036.0,0.3608,25407.0,19806.0,0.4603
RandomForest,11,30611.0,23056.0,0.3592,25460.0,19864.0,0.4581
RandomForest,12,30515.0,23010.0,0.3632,25418.0,19831.0,0.4599
RandomForest,13,30573.0,23054.0,0.3608,25392.0,19790.0,0.461
RandomForest,14,30399.0,22898.0,0.3677,25374.0,19704.0,0.4617
RandomForest,15,30401.0,22926.0,0.3676,25348.0,19690.0,0.4628
RandomForest,16,30245.0,22788.0,0.3741,25021.0,19440.0,0.4766
RandomForest,17,30417.0,22853.0,0.3668,25073.0,19565.0,0.4745
RandomForest,18,30445.0,22860.0,0.3656,25112.0,19624.0,0.4728
RandomForest,19,30371.0,22829.0,0.3687,24923.0,19441.0,0.4807
RandomForest,20,30332.0,22768.0,0.3702,24991.0,19438.0,0.4779
RandomForest,21,30346.0,22795.0,0.3697,25000.0,19459.0,0.4775
RandomForest,22,30261.0,22743.0,0.3733,25063.0,19427.0,0.4748
RandomForest,23,30276.0,22728.0,0.3727,25047.0,19399.0,0.4755
RandomForest,24,30255.0,22738.0,0.3735,24898.0,19276.0,0.4817
RandomForest,25,30226.0,22739.0,0.3748,24960.0,19299.0,0.4792
RandomForest,26,29794.0,22553.0,0.3921,24406.0,18755.0,0.502
RandomForest,27,29766.0,22540.0,0.3933,24452.0,18705.0,0.5002
RandomForest,28,29705.0,22510.0,0.3958,24445.0,18655.0,0.5005
RandomForest,29,29741.0,22522.0,0.3943,24420.0,18678.0,0.5014
RandomForest,30,29747.0,22482.0,0.394,24372.0,18621.0,0.5034
RandomForest,31,29625.0,22380.0,0.3992,24352.0,18497.0,0.5043
RandomForest,32,29600.0,22354.0,0.4002,24301.0,18467.0,0.5063
RandomForest,33,29577.0,22366.0,0.4012,24274.0,18493.0,0.5074
RandomForest,34,29532.0,22340.0,0.403,24303.0,18513.0,0.5062
RandomForest,35,29488.0,22305.0,0.4047,24323.0,18533.0,0.5054
RandomForest,36,29494.0,22313.0,0.4046,24358.0,18582.0,0.504
RandomForest,37,29420.0,22290.0,0.4075,24551.0,18641.0,0.4961
RandomForest,38,29439.0,22305.0,0.4068,24529.0,18620.0,0.497
RandomForest,39,29435.0,22301.0,0.407,24524.0,18611.0,0.4972
RandomForest,40,29437.0,22303.0,0.4069,24538.0,18643.0,0.4966
RandomForest,41,29491.0,22359.0,0.4047,24526.0,18638.0,0.4971
RandomForest,42,29493.0,22354.0,0.4047,24549.0,18651.0,0.4962
RandomForest,43,29478.0,22344.0,0.4053,24541.0,18650.0,0.4965
RandomForest,44,29501.0,22337.0,0.4044,24500.0,18618.0,0.4982
RandomForest,45,29465.0,22332.0,0.4059,24485.0,18602.0,0.4988
RandomForest,46,29354.0,22263.0,0.4103,24593.0,18668.0,0.4944
RandomForest,47,29365.0,22276.0,0.4099,24606.0,18680.0,0.4938
RandomForest,48,29366.0,22269.0,0.4098,24623.0,18692.0,0.4932
RandomForest,49,29341.0,22239.0,0.4109,24577.0,18655.0,0.495
RandomForest,50,29344.0,22228.0,0.4108,24599.0,18697.0,0.4941
RandomForest,51,29360.0,22235.0,0.4102,24619.0,18718.0,0.4933
RandomForest,52,29355.0,22225.0,0.4104,24593.0,18723.0,0.4944
RandomForest,53,29359.0,22223.0,0.4103,24656.0,18783.0,0.4918
RandomForest,54,29355.0,22209.0,0.4105,24656.0,18776.0,0.4918
RandomForest,55,29379.0,22227.0,0.4095,24640.0,18782.0,0.4924
RandomForest,56,29418.0,22252.0,0.408,24641.0,18802.0,0.4924
RandomForest,57,29437.0,22258.0,0.4072,24658.0,18826.0,0.4917
RandomForest,58,29436.0,22261.0,0.4072,24675.0,18845.0,0.491
RandomForest,59,29419.0,22233.0,0.4079,24602.0,18782.0,0.494
RandomForest,60,29428.0,22238.0,0.4075,24615.0,18791.0,0.4934
RandomForest,61,29434.0,22258.0,0.4073,24608.0,18808.0,0.4937
RandomForest,62,29456.0,22286.0,0.4064,24696.0,18897.0,0.4901
RandomForest,63,29472.0,22300.0,0.4058,24696.0,18901.0,0.4901
RandomForest,64,29481.0,22308.0,0.4054,24722.0,18913.0,0.4891
RandomForest,65,29489.0,22317.0,0.4051,24723.0,18911.0,0.489
RandomForest,66,29513.0,22337.0,0.4041,24711.0,18883.0,0.4895
RandomForest,67,29513.0,22337.0,0.4041,24711.0,18885.0,0.4895
RandomForest,68,29513.0,22331.0,0.4041,24718.0,18878.0,0.4892
RandomForest,69,29510.0,22330.0,0.4042,24710.0,18875.0,0.4895
RandomForest,70,29497.0,22318.0,0.4048,24683.0,18812.0,0.4907
RandomForest,71,29496.0,22318.0,0.4048,24712.0,18850.0,0.4895
RandomForest,72,29505.0,22331.0,0.4044,24724.0,18861.0,0.489
RandomForest,73,29495.0,22320.0,0.4048,24690.0,18835.0,0.4904
RandomForest,74,29500.0,22318.0,0.4047,24709.0,18848.0,0.4896
RandomForest,75,29497.0,22312.0,0.4047,24715.0,18854.0,0.4893
RandomForest,76,29506.0,22321.0,0.4044,24709.0,18852.0,0.4896
RandomForest,77,29505.0,22318.0,0.4044,24712.0,18851.0,0.4895
RandomForest,78,29504.0,22301.0,0.4045,24705.0,18856.0,0.4897
RandomForest,79,29503.0,22299.0,0.4045,24701.0,18857.0,0.4899
RandomForest,80,29499.0,22286.0,0.4047,24708.0,18869.0,0.4896
RandomForest,81,29487.0,22273.0,0.4052,24676.0,18868.0,0.491
RandomForest,82,29493.0,22275.0,0.4049,24675.0,18874.0,0.491
RandomForest,83,29495.0,22274.0,0.4049,24697.0,18857.0,0.4901
RandomForest,84,29496.0,22279.0,0.4048,24670.0,18843.0,0.4912
RandomForest,85,29485.0,22265.0,0.4052,24675.0,18862.0,0.491
RandomForest,86,29485.0,22265.0,0.4052,24672.0,18870.0,0.4911
RandomForest,87,29468.0,22265.0,0.4058,24670.0,18881.0,0.4912
RandomForest,88,29481.0,22263.0,0.4053,24644.0,18826.0,0.4923
RandomForest,89,29484.0,22256.0,0.4052,24627.0,18800.0,0.493
RandomForest,90,29484.0,22254.0,0.4052,24605.0,18783.0,0.4939
RandomForest,91,29461.0,22247.0,0.4061,24621.0,18783.0,0.4932
RandomForest,92,29464.0,22244.0,0.406,24616.0,18777.0,0.4934
RandomForest,93,29435.0,22218.0,0.4072,24594.0,18757.0,0.4943
RandomForest,94,29433.0,22216.0,0.4072,24603.0,18765.0,0.494
RandomForest,95,29444.0,22225.0,0.4068,24611.0,18761.0,0.4936
RandomForest,96,29443.0,22237.0,0.4069,24600.0,18752.0,0.4941
RandomForest,97,29447.0,22231.0,0.4067,24591.0,18730.0,0.4944
RandomForest,98,29433.0,22235.0,0.4073,24500.0,18679.0,0.4982
RandomForest,99,29462.0,22239.0,0.4061,24463.0,18657.0,0.4997
RandomForest,100,29458.0,22238.0,0.4063,24472.0,18660.0,0.4993
RandomForest,101,29471.0,22239.0,0.4058,24485.0,18678.0,0.4988
RandomForest,102,29465.0,22236.0,0.4061,24481.0,18676.0,0.499
RandomForest,103,29457.0,22229.0,0.4063,24495.0,18696.0,0.4984
RandomForest,104,29461.0,22222.0,0.4062,24465.0,18643.0,0.4996
RandomForest,105,29461.0,22228.0,0.4062,24472.0,18645.0,0.4993
RandomForest,106,29464.0,22231.0,0.4061,24467.0,18645.0,0.4995
RandomForest,107,29471.0,22234.0,0.4058,24442.0,18630.0,0.5006
RandomForest,108,29473.0,22239.0,0.4057,24441.0,18631.0,0.5006
RandomForest,109,29470.0,22232.0,0.4058,24436.0,18615.0,0.5008
RandomForest,110,29477.0,22242.0,0.4056,24427.0,18616.0,0.5012
RandomForest,111,29489.0,22252.0,0.4051,24401.0,18599.0,0.5022
RandomForest,112,29493.0,22258.0,0.4049,24402.0,18602.0,0.5022
RandomForest,113,29481.0,22253.0,0.4054,24401.0,18593.0,0.5022
RandomForest,114,29480.0,22252.0,0.4054,24390.0,18586.0,0.5027
RandomForest,115,29485.0,22264.0,0.4052,24392.0,18587.0,0.5026
RandomForest,116,29491.0,22257.0,0.4049,24424.0,18600.0,0.5013
RandomForest,117,29493.0,22259.0,0.4049,24410.0,18593.0,0.5019
RandomForest,118,29487.0,22249.0,0.4051,24439.0,18617.0,0.5007
RandomForest,119,29471.0,22243.0,0.4058,24451.0,18626.0,0.5002
RandomForest,120,29473.0,22245.0,0.4057,24427.0,18601.0,0.5012
RandomForest,121,29449.0,22228.0,0.4067,24448.0,18586.0,0.5003
RandomForest,122,29453.0,22227.0,0.4065,24431.0,18569.0,0.501
RandomForest,123,29462.0,22236.0,0.4062,24426.0,18575.0,0.5012
RandomForest,124,29458.0,22237.0,0.4063,24446.0,18612.0,0.5004
RandomForest,125,29447.0,22228.0,0.4068,24442.0,18597.0,0.5006
RandomForest,126,29447.0,22229.0,0.4068,24438.0,18599.0,0.5007
RandomForest,127,29449.0,22228.0,0.4067,24452.0,18620.0,0.5001
RandomForest,128,29459.0,22240.0,0.4063,24475.0,18635.0,0.4992
RandomForest,129,29463.0,22237.0,0.4062,24472.0,18642.0,0.4994
RandomForest,130,29450.0,22231.0,0.4067,24504.0,18674.0,0.498
RandomForest,131,29462.0,22234.0,0.4062,24478.0,18659.0,0.4991
RandomForest,132,29482.0,22253.0,0.4054,24496.0,18682.0,0.4984
RandomForest,133,29490.0,22257.0,0.4051,24500.0,18684.0,0.4982
RandomForest,134,29489.0,22253.0,0.4051,24494.0,18685.0,0.4984
RandomForest,135,29494.0,22254.0,0.4049,24506.0,18691.0,0.4979
RandomForest,136,29488.0,22246.0,0.4052,24506.0,18711.0,0.4979
RandomForest,137,29496.0,22250.0,0.4048,24516.0,18722.0,0.4975
RandomForest,138,29499.0,22251.0,0.4047,24526.0,18730.0,0.4971
RandomForest,139,29495.0,22249.0,0.4049,24516.0,18717.0,0.4975
RandomForest,140,29494.0,22249.0,0.4049,24513.0,18718.0,0.4977
LightGBM,5,32957.0,24770.0,0.256,29884.0,22879.0,0.2534
LightGBM,6,33592.0,25445.0,0.2281,30140.0,23328.0,0.2406
LightGBM,7,33059.0,25009.0,0.2531,29867.0,23031.0,0.2543
LightGBM,8,33805.0,25476.0,0.2189,30886.0,24186.0,0.2025
LightGBM,9,33582.0,25388.0,0.2292,29819.0,23456.0,0.2566
LightGBM,10,33441.0,25316.0,0.2359,29025.0,23002.0,0.2957
LightGBM,11,33535.0,25432.0,0.2316,29482.0,23301.0,0.2734
LightGBM,12,33527.0,25501.0,0.2319,29172.0,22948.0,0.2886
LightGBM,13,33679.0,25611.0,0.2249,29429.0,23105.0,0.276
LightGBM,14,33347.0,25523.0,0.2396,29227.0,22937.0,0.2859
LightGBM,15,33341.0,25650.0,0.2399,29007.0,22531.0,0.2966
LightGBM,16,32976.0,25293.0,0.2563,29343.0,23183.0,0.2802
LightGBM,17,33475.0,25675.0,0.2335,29402.0,23182.0,0.2773
LightGBM,18,33390.0,25607.0,0.2373,29439.0,23078.0,0.2755
LightGBM,19,33341.0,25400.0,0.2399,28819.0,22471.0,0.3057
LightGBM,20,33225.0,25266.0,0.2448,28888.0,22414.0,0.3024
LightGBM,21,33103.0,25161.0,0.2505,28708.0,22247.0,0.311
LightGBM,22,32762.0,25043.0,0.2659,28703.0,22136.0,0.3112
LightGBM,23,32594.0,24850.0,0.2728,29114.0,22621.0,0.2914
LightGBM,24,32776.0,25005.0,0.2646,28916.0,22478.0,0.301
LightGBM,25,32553.0,24779.0,0.2745,28640.0,22013.0,0.3142
LightGBM,26,31989.0,24463.0,0.2994,27047.0,20814.0,0.3884
LightGBM,27,32132.0,24551.0,0.2926,27304.0,20698.0,0.3768
LightGBM,28,31726.0,24340.0,0.3104,27141.0,20568.0,0.3842
LightGBM,29,31981.0,24599.0,0.2997,27149.0,20462.0,0.3838
LightGBM,30,32013.0,24555.0,0.298,26833.0,20255.0,0.3981
LightGBM,31,31413.0,24085.0,0.3243,26854.0,20189.0,0.3971
LightGBM,32,31370.0,24121.0,0.3263,26292.0,19931.0,0.4221
LightGBM,33,31409.0,24114.0,0.3246,26274.0,19798.0,0.4229
LightGBM,34,31151.0,24019.0,0.3358,26972.0,20310.0,0.3918
LightGBM,35,30853.0,23730.0,0.3485,26843.0,20208.0,0.3976
LightGBM,36,30625.0,23501.0,0.3583,26377.0,19770.0,0.4183
LightGBM,37,30650.0,23559.0,0.3574,26190.0,19545.0,0.4266
LightGBM,38,30982.0,23781.0,0.3429,26332.0,19776.0,0.4203
LightGBM,39,30781.0,23586.0,0.3516,26499.0,19808.0,0.413
LightGBM,40,30653.0,23516.0,0.3574,26352.0,19693.0,0.4194
LightGBM,41,30954.0,23724.0,0.3447,26236.0,19656.0,0.4245
LightGBM,42,31058.0,23787.0,0.3403,26070.0,19706.0,0.4318
LightGBM,43,31135.0,23863.0,0.3367,26355.0,19935.0,0.4193
LightGBM,44,30965.0,23716.0,0.3441,25906.0,19448.0,0.4389
LightGBM,45,30928.0,23756.0,0.3455,25895.0,19485.0,0.4394
LightGBM,46,30741.0,23656.0,0.3533,26238.0,19716.0,0.4245
LightGBM,47,30739.0,23496.0,0.3534,26304.0,19889.0,0.4216
LightGBM,48,30767.0,23668.0,0.3524,26878.0,20325.0,0.3961
LightGBM,49,30633.0,23497.0,0.3581,26241.0,20141.0,0.4243
LightGBM,50,30575.0,23448.0,0.3605,26343.0,19894.0,0.4198
LightGBM,51,30533.0,23490.0,0.3622,26382.0,20000.0,0.4181
LightGBM,52,30583.0,23522.0,0.3601,26486.0,19954.0,0.4135
LightGBM,53,30754.0,23657.0,0.353,26288.0,19816.0,0.4223
LightGBM,54,30506.0,23385.0,0.3641,26241.0,19886.0,0.4244
LightGBM,55,30569.0,23420.0,0.3608,26389.0,20115.0,0.4178
LightGBM,56,30587.0,23463.0,0.3597,26087.0,19696.0,0.4311
LightGBM,57,30681.0,23416.0,0.3557,26555.0,19950.0,0.4105
LightGBM,58,30521.0,23369.0,0.3626,26351.0,20075.0,0.4195
LightGBM,59,30513.0,23252.0,0.363,26177.0,19928.0,0.4271
LightGBM,60,30730.0,23417.0,0.3542,26500.0,20134.0,0.4129
LightGBM,61,30621.0,23355.0,0.358,26402.0,20037.0,0.4172
LightGBM,62,30434.0,23214.0,0.3663,26448.0,20054.0,0.4152
LightGBM,63,30479.0,23260.0,0.3645,26138.0,19830.0,0.4289
LightGBM,64,30583.0,23360.0,0.3598,26172.0,19926.0,0.4274
LightGBM,65,30583.0,23360.0,0.3598,26172.0,19926.0,0.4274
LightGBM,66,30391.0,23226.0,0.3682,26495.0,20212.0,0.4132
LightGBM,67,30599.0,23374.0,0.3595,26077.0,19942.0,0.4315
LightGBM,68,30398.0,23228.0,0.368,26386.0,19936.0,0.418
LightGBM,69,30501.0,23295.0,0.3633,26209.0,19849.0,0.4258
LightGBM,70,30676.0,23449.0,0.3562,25674.0,19342.0,0.4489
LightGBM,71,30434.0,23291.0,0.3663,26303.0,20122.0,0.4216
LightGBM,72,30603.0,23307.0,0.3591,25829.0,19696.0,0.4423
LightGBM,73,30596.0,23417.0,0.3595,25854.0,19740.0,0.4412
LightGBM,74,30607.0,23403.0,0.359,26210.0,19930.0,0.4257
LightGBM,75,30465.0,23311.0,0.3649,26432.0,20236.0,0.4159
LightGBM,76,30416.0,23230.0,0.3668,26090.0,19804.0,0.431
LightGBM,77,30416.0,23230.0,0.3668,26090.0,19804.0,0.431
LightGBM,78,30578.0,23316.0,0.3603,26183.0,19752.0,0.4269
LightGBM,79,30542.0,23373.0,0.3614,26008.0,19610.0,0.4345
LightGBM,80,30515.0,23271.0,0.3628,26084.0,19651.0,0.4312
LightGBM,81,30296.0,23086.0,0.372,25697.0,19416.0,0.4479
LightGBM,82,30319.0,23176.0,0.3712,25875.0,19467.0,0.4403
LightGBM,83,30295.0,23070.0,0.372,25598.0,19497.0,0.4522
LightGBM,84,30315.0,23120.0,0.3711,25396.0,19189.0,0.4608
LightGBM,85,30169.0,23007.0,0.3769,25616.0,19205.0,0.4514
LightGBM,86,30204.0,23049.0,0.3758,25493.0,19186.0,0.4567
LightGBM,87,30220.0,22937.0,0.3748,25506.0,19320.0,0.4561
LightGBM,88,30031.0,22807.0,0.3827,25543.0,19346.0,0.4545
LightGBM,89,30110.0,22882.0,0.3791,25505.0,19339.0,0.4562
LightGBM,90,30122.0,22875.0,0.3789,25364.0,19213.0,0.4622
LightGBM,91,30066.0,22831.0,0.3803,25535.0,19375.0,0.4549
LightGBM,92,30272.0,22935.0,0.3728,25588.0,19481.0,0.4527
LightGBM,93,30204.0,22984.0,0.3754,25384.0,19355.0,0.4613
LightGBM,94,30226.0,23050.0,0.3747,25691.0,19493.0,0.4482
LightGBM,95,30272.0,23000.0,0.373,25269.0,19321.0,0.4662
LightGBM,96,30021.0,22783.0,0.3833,25725.0,19179.0,0.4467
LightGBM,97,29790.0,22661.0,0.3925,25695.0,19660.0,0.448
LightGBM,98,29833.0,22774.0,0.3909,25757.0,19456.0,0.4454
LightGBM,99,30045.0,22856.0,0.3817,25340.0,19123.0,0.4632
LightGBM,100,30045.0,22856.0,0.3817,25340.0,19123.0,0.4632
LightGBM,101,30076.0,22871.0,0.3804,25358.0,19047.0,0.4624
LightGBM,102,30031.0,22742.0,0.3827,25281.0,19222.0,0.4657
LightGBM,103,30040.0,22929.0,0.3817,25158.0,19094.0,0.4709
LightGBM,104,29894.0,22702.0,0.3878,25050.0,19026.0,0.4754
LightGBM,105,30121.0,23029.0,0.3783,25569.0,19521.0,0.4534
LightGBM,106,29903.0,22842.0,0.3871,25212.0,19241.0,0.4686
LightGBM,107,30104.0,22990.0,0.3788,25356.0,19170.0,0.4625
LightGBM,108,30077.0,22887.0,0.3806,25207.0,19066.0,0.4688
LightGBM,109,30049.0,22917.0,0.3819,25364.0,19226.0,0.4622
LightGBM,110,30057.0,22941.0,0.3812,25081.0,19035.0,0.4741
LightGBM,111,30014.0,22893.0,0.3831,25698.0,19562.0,0.4479
LightGBM,112,30118.0,22854.0,0.3782,25348.0,19173.0,0.4629
LightGBM,113,29923.0,22825.0,0.3865,25218.0,19166.0,0.4684
LightGBM,114,30037.0,22928.0,0.3819,25210.0,19058.0,0.4687
LightGBM,115,30179.0,22951.0,0.3764,25229.0,19041.0,0.4679
LightGBM,116,30091.0,22965.0,0.3798,25515.0,19317.0,0.4558
LightGBM,117,29976.0,22732.0,0.3842,25340.0,19027.0,0.4632
LightGBM,118,30206.0,23046.0,0.3744,25875.0,19462.0,0.4403
LightGBM,119,29982.0,22761.0,0.3839,25166.0,19152.0,0.4705
LightGBM,120,29957.0,22751.0,0.3855,25360.0,19269.0,0.4623
LightGBM,121,30113.0,22890.0,0.3792,24939.0,18760.0,0.48
LightGBM,122,29935.0,22703.0,0.3859,25148.0,18836.0,0.4713
LightGBM,123,30043.0,22747.0,0.3809,25039.0,18889.0,0.4758
LightGBM,124,30040.0,22917.0,0.3821,24949.0,18993.0,0.4796
LightGBM,125,30165.0,22968.0,0.3763,24683.0,18511.0,0.4907
LightGBM,126,29953.0,22749.0,0.3854,25109.0,19221.0,0.4729
LightGBM,127,30002.0,22822.0,0.3834,25124.0,19050.0,0.4723
LightGBM,128,30207.0,23038.0,0.3753,25078.0,18979.0,0.4742
LightGBM,129,29944.0,22684.0,0.3855,25192.0,18948.0,0.4694
LightGBM,130,30267.0,23011.0,0.373,25174.0,18926.0,0.4702
LightGBM,131,30292.0,23155.0,0.3716,25092.0,18909.0,0.4736
LightGBM,132,30122.0,22986.0,0.3791,25118.0,18862.0,0.4726
LightGBM,133,30284.0,22878.0,0.3721,24656.0,18465.0,0.4918
LightGBM,134,30141.0,22969.0,0.3778,25280.0,19152.0,0.4657
LightGBM,135,30311.0,22944.0,0.3703,25063.0,18999.0,0.4749
LightGBM,136,30263.0,23008.0,0.373,24988.0,18915.0,0.478
LightGBM,137,30267.0,23007.0,0.3729,24953.0,18894.0,0.4795
LightGBM,138,30157.0,22917.0,0.3773,24950.0,18919.0,0.4796
LightGBM,139,30157.0,22917.0,0.3773,24950.0,18919.0,0.4796
LightGBM,140,30157.0,22917.0,0.3773,24950.0,18919.0,0.4796
CatBoost,5,32235.0,24149.0,0.2885,28750.0,21702.0,0.309
CatBoost,6,31610.0,23689.0,0.3163,28348.0,21505.0,0.3282
CatBoost,7,31251.0,23556.0,0.3319,27554.0,21111.0,0.3653
CatBoost,8,31266.0,23477.0,0.3315,27237.0,20954.0,0.3798
CatBoost,9,31146.0,23370.0,0.3367,27154.0,20924.0,0.3836
CatBoost,10,31055.0,23301.0,0.3407,26580.0,20674.0,0.4094
CatBoost,11,31008.0,23292.0,0.3427,26639.0,20684.0,0.4067
CatBoost,12,30340.0,22863.0,0.3709,25607.0,19804.0,0.4518
CatBoost,13,30548.0,22980.0,0.3622,25513.0,19737.0,0.4558
CatBoost,14,30317.0,22851.0,0.3716,25737.0,19741.0,0.4462
CatBoost,15,30274.0,22836.0,0.3731,25680.0,19787.0,0.4487
CatBoost,16,30064.0,22732.0,0.3816,25193.0,19212.0,0.4694
CatBoost,17,30309.0,22807.0,0.3715,25187.0,19375.0,0.4696
CatBoost,18,30483.0,22936.0,0.3641,24980.0,19067.0,0.4783
CatBoost,19,30344.0,22844.0,0.3697,24676.0,18904.0,0.4909
CatBoost,20,30254.0,22813.0,0.3738,25127.0,19157.0,0.4722
CatBoost,21,30232.0,22826.0,0.3747,25236.0,19343.0,0.4676
CatBoost,22,30232.0,22750.0,0.3743,25078.0,19262.0,0.4742
CatBoost,23,30233.0,22805.0,0.3744,25079.0,19248.0,0.4742
CatBoost,24,30116.0,22612.0,0.3796,24917.0,19067.0,0.481
CatBoost,25,30134.0,22668.0,0.3787,24860.0,18854.0,0.4833
CatBoost,26,29804.0,22535.0,0.3919,24452.0,18484.0,0.5002
CatBoost,27,29766.0,22629.0,0.3937,24497.0,18381.0,0.4983
CatBoost,28,29681.0,22518.0,0.3968,24665.0,18552.0,0.4914
CatBoost,29,29672.0,22516.0,0.3974,24155.0,18185.0,0.5122
CatBoost,30,29628.0,22532.0,0.3994,24305.0,18290.0,0.5061
CatBoost,31,29695.0,22490.0,0.3966,24339.0,18311.0,0.5048
CatBoost,32,29474.0,22335.0,0.4055,24525.0,18152.0,0.4972
CatBoost,33,29537.0,22383.0,0.4027,24443.0,18338.0,0.5005
CatBoost,34,29354.0,22213.0,0.4102,24212.0,18484.0,0.5099
CatBoost,35,29271.0,22121.0,0.4134,24230.0,18173.0,0.5092
CatBoost,36,29217.0,22112.0,0.4158,24166.0,18151.0,0.5118
CatBoost,37,29249.0,22195.0,0.4145,24845.0,18794.0,0.484
CatBoost,38,29302.0,22215.0,0.4126,24403.0,18376.0,0.5021
CatBoost,39,29392.0,22235.0,0.4086,24763.0,18780.0,0.4874
CatBoost,40,29381.0,22254.0,0.4092,24476.0,18484.0,0.4992
CatBoost,41,29417.0,22245.0,0.4078,24242.0,18279.0,0.5087
CatBoost,42,29306.0,22309.0,0.4124,24326.0,18254.0,0.5053
CatBoost,43,29622.0,22406.0,0.3999,24303.0,18385.0,0.5062
CatBoost,44,29294.0,22226.0,0.4131,24390.0,18451.0,0.5027
CatBoost,45,29361.0,22305.0,0.4103,24128.0,18228.0,0.5133
CatBoost,46,29211.0,22164.0,0.4161,24353.0,18403.0,0.5042
CatBoost,47,29151.0,22130.0,0.4187,24316.0,18394.0,0.5057
CatBoost,48,29219.0,22174.0,0.4157,24184.0,18221.0,0.5111
CatBoost,49,29128.0,22162.0,0.4194,24404.0,18183.0,0.5021
CatBoost,50,29289.0,22220.0,0.4127,24188.0,18189.0,0.5109
CatBoost,51,29306.0,22131.0,0.4124,24376.0,18408.0,0.5033
CatBoost,52,29217.0,22079.0,0.416,24411.0,18433.0,0.5018
CatBoost,53,29201.0,22103.0,0.4165,24368.0,18481.0,0.5036
CatBoost,54,29208.0,22116.0,0.4161,24368.0,18327.0,0.5036
CatBoost,55,29235.0,22187.0,0.415,24405.0,18486.0,0.5021
CatBoost,56,29381.0,22247.0,0.4092,24382.0,18296.0,0.503
CatBoost,57,29186.0,22202.0,0.4167,24659.0,18573.0,0.4916
CatBoost,58,29140.0,21998.0,0.4189,24402.0,18356.0,0.5022
CatBoost,59,29191.0,22114.0,0.4169,24390.0,18507.0,0.5027
CatBoost,60,29099.0,22075.0,0.4207,24508.0,18552.0,0.4979
CatBoost,61,29145.0,22012.0,0.4188,24640.0,18611.0,0.4924
CatBoost,62,29161.0,22170.0,0.4183,24482.0,18636.0,0.4989
CatBoost,63,29011.0,22097.0,0.4241,24264.0,18306.0,0.5078
CatBoost,64,29108.0,22110.0,0.42,23940.0,18193.0,0.5209
CatBoost,65,29062.0,22111.0,0.4222,24418.0,18467.0,0.5015
CatBoost,66,29139.0,22129.0,0.419,24512.0,18503.0,0.4977
CatBoost,67,29069.0,22123.0,0.4215,24300.0,18369.0,0.5064
CatBoost,68,28885.0,22004.0,0.4292,24381.0,18308.0,0.5031
CatBoost,69,29041.0,22126.0,0.4228,24392.0,18330.0,0.5026
CatBoost,70,28974.0,22020.0,0.4256,24077.0,18302.0,0.5154
CatBoost,71,29078.0,22069.0,0.4217,24616.0,18687.0,0.4934
CatBoost,72,29005.0,22091.0,0.4243,24402.0,18343.0,0.5022
CatBoost,73,28956.0,21942.0,0.4264,24307.0,18262.0,0.5061
CatBoost,74,29050.0,22060.0,0.4225,24419.0,18481.0,0.5015
CatBoost,75,29178.0,22158.0,0.4174,24401.0,18491.0,0.5022
CatBoost,76,28976.0,21962.0,0.4253,24449.0,18458.0,0.5003
CatBoost,77,29117.0,22081.0,0.4197,24410.0,18356.0,0.5019
CatBoost,78,28938.0,22017.0,0.4269,24053.0,18107.0,0.5163
CatBoost,79,29065.0,22093.0,0.4216,24243.0,18286.0,0.5087
CatBoost,80,29016.0,22056.0,0.4238,24441.0,18678.0,0.5006
CatBoost,81,29089.0,22089.0,0.421,24360.0,18406.0,0.5039
CatBoost,82,28972.0,22022.0,0.4255,24402.0,18498.0,0.5022
CatBoost,83,29002.0,21992.0,0.4242,24489.0,18207.0,0.4987
CatBoost,84,28937.0,21964.0,0.4266,24718.0,18541.0,0.4892
CatBoost,85,28923.0,21980.0,0.4273,24172.0,18241.0,0.5115
CatBoost,86,29047.0,22038.0,0.4229,24637.0,18479.0,0.4926
CatBoost,87,29065.0,21987.0,0.4221,24216.0,18290.0,0.5098
CatBoost,88,28926.0,21897.0,0.4274,24287.0,18451.0,0.5069
CatBoost,89,28927.0,21945.0,0.4272,24090.0,18038.0,0.5148
CatBoost,90,28918.0,21848.0,0.4276,24074.0,17865.0,0.5155
CatBoost,91,28923.0,21948.0,0.4275,24224.0,18138.0,0.5094
CatBoost,92,29080.0,22085.0,0.4213,24176.0,18205.0,0.5114
CatBoost,93,28959.0,21964.0,0.4262,23974.0,18179.0,0.5195
CatBoost,94,29163.0,22122.0,0.418,24320.0,18260.0,0.5055
CatBoost,95,28950.0,21910.0,0.4266,24285.0,18328.0,0.507
CatBoost,96,29031.0,21979.0,0.4234,24207.0,18245.0,0.5101
CatBoost,97,29106.0,22045.0,0.4203,24109.0,18143.0,0.5141
CatBoost,98,28969.0,21923.0,0.4255,24328.0,18213.0,0.5052
CatBoost,99,28959.0,21954.0,0.4263,24278.0,18223.0,0.5072
CatBoost,100,28896.0,21914.0,0.4285,24164.0,18191.0,0.5118
CatBoost,101,29063.0,21888.0,0.422,24163.0,18198.0,0.5119
CatBoost,102,29051.0,21966.0,0.4227,24390.0,18366.0,0.5027
CatBoost,103,29144.0,22108.0,0.4189,24148.0,18218.0,0.5125
CatBoost,104,29031.0,22073.0,0.4231,24121.0,18066.0,0.5136
CatBoost,105,29145.0,22153.0,0.4186,24269.0,18273.0,0.5076
CatBoost,106,29080.0,22037.0,0.4212,24180.0,18389.0,0.5112
CatBoost,107,28914.0,21969.0,0.428,23947.0,18129.0,0.5206
CatBoost,108,29005.0,22072.0,0.4244,24177.0,18125.0,0.5113
CatBoost,109,29059.0,22052.0,0.422,24212.0,18105.0,0.5099
CatBoost,110,29107.0,22161.0,0.4197,24056.0,18023.0,0.5162
CatBoost,111,29092.0,22047.0,0.4208,24065.0,18108.0,0.5159
CatBoost,112,28946.0,21912.0,0.4264,23818.0,17848.0,0.5257
CatBoost,113,28883.0,21863.0,0.4293,24083.0,18115.0,0.5151
CatBoost,114,29040.0,22012.0,0.4229,23934.0,18042.0,0.5211
CatBoost,115,29100.0,22036.0,0.4207,24041.0,18101.0,0.5168
CatBoost,116,29157.0,22115.0,0.4181,24013.0,18128.0,0.5179
CatBoost,117,29021.0,22060.0,0.4234,23969.0,18013.0,0.5197
CatBoost,118,29045.0,22021.0,0.4229,23938.0,17937.0,0.521
CatBoost,119,29091.0,22000.0,0.4207,24033.0,18180.0,0.5171
CatBoost,120,29065.0,22051.0,0.4217,23886.0,18054.0,0.523
CatBoost,121,29033.0,21962.0,0.4231,23893.0,18085.0,0.5228
CatBoost,122,29251.0,22246.0,0.4143,23833.0,18077.0,0.5251
CatBoost,123,29126.0,22071.0,0.4193,23695.0,17961.0,0.5306
CatBoost,124,29181.0,22130.0,0.4173,23652.0,17940.0,0.5323
CatBoost,125,29231.0,22168.0,0.4152,23790.0,17927.0,0.5269
CatBoost,126,28933.0,21960.0,0.4269,24162.0,18134.0,0.5119
CatBoost,127,29115.0,21995.0,0.4194,24189.0,18271.0,0.5109
CatBoost,128,28976.0,21994.0,0.4253,24172.0,18132.0,0.5115
CatBoost,129,29023.0,22071.0,0.4236,24085.0,18119.0,0.515
CatBoost,130,28937.0,21951.0,0.4267,24138.0,18253.0,0.5129
CatBoost,131,29024.0,22033.0,0.4237,23817.0,17961.0,0.5258
CatBoost,132,29183.0,22145.0,0.4171,23939.0,18045.0,0.5209
CatBoost,133,29143.0,22074.0,0.4187,24047.0,18054.0,0.5166
CatBoost,134,29178.0,22133.0,0.4171,24144.0,18089.0,0.5126
CatBoost,135,29050.0,22014.0,0.4223,23997.0,18174.0,0.5186
CatBoost,136,29050.0,22086.0,0.4224,24151.0,18142.0,0.5124
CatBoost,137,29077.0,22086.0,0.4215,24154.0,18081.0,0.5123
CatBoost,138,28836.0,21862.0,0.4312,23963.0,18264.0,0.5199
CatBoost,139,28964.0,22028.0,0.426,24047.0,18194.0,0.5166
CatBoost,140,28940.0,21966.0,0.4271,23814.0,17961.0,0.5259
Huber,5,30931.0,23093.0,0.345,27467.0,20766.0,0.3693
Huber,6,30538.0,22615.0,0.3615,26491.0,19716.0,0.4133
Huber,7,30281.0,22552.0,0.3724,25679.0,19435.0,0.4487
Huber,8,30007.0,22396.0,0.3836,25622.0,19376.0,0.4512
Huber,9,30013.0,22401.0,0.3833,25634.0,19383.0,0.4507
Huber,10,29873.0,22337.0,0.3895,25206.0,19127.0,0.4689
Huber,11,29896.0,22355.0,0.3886,25206.0,19125.0,0.4688
Huber,12,30740.0,22762.0,0.354,25777.0,19454.0,0.4445
Huber,13,30753.0,22771.0,0.3535,25757.0,19438.0,0.4454
Huber,14,30728.0,22751.0,0.3544,25747.0,19413.0,0.4458
Huber,15,30747.0,22762.0,0.3536,25754.0,19412.0,0.4455
Huber,16,30819.0,22808.0,0.3503,25531.0,19220.0,0.4551
Huber,17,30881.0,22742.0,0.3475,25487.0,19199.0,0.4569
Huber,18,30874.0,22754.0,0.3478,25457.0,19163.0,0.4582
Huber,19,30749.0,22732.0,0.3531,25338.0,18985.0,0.4633
Huber,20,30743.0,22742.0,0.3532,25347.0,19014.0,0.4629
Huber,21,30727.0,22774.0,0.354,25252.0,18985.0,0.4669
Huber,22,30733.0,22791.0,0.3538,25313.0,19010.0,0.4643
Huber,23,30745.0,22794.0,0.3533,25283.0,19004.0,0.4656
Huber,24,30661.0,22740.0,0.3568,25144.0,18872.0,0.4715
Huber,25,30717.0,22781.0,0.3545,25131.0,18870.0,0.472
Huber,26,30628.0,22718.0,0.3583,24794.0,18494.0,0.4861
Huber,27,30556.0,22715.0,0.3614,24683.0,18400.0,0.4907
Huber,28,30516.0,22755.0,0.363,24700.0,18418.0,0.4899
Huber,29,30531.0,22779.0,0.3624,24695.0,18414.0,0.4902
Huber,30,30546.0,22791.0,0.3617,24651.0,18389.0,0.492
Huber,31,30550.0,22799.0,0.3616,24598.0,18396.0,0.4942
Huber,32,30564.0,22830.0,0.361,24585.0,18383.0,0.4947
Huber,33,30587.0,22862.0,0.36,24588.0,18381.0,0.4946
Huber,34,30592.0,22872.0,0.3597,24555.0,18387.0,0.4959
Huber,35,30598.0,22841.0,0.3595,24685.0,18484.0,0.4906
Huber,36,30609.0,22849.0,0.3591,24703.0,18506.0,0.4898
Huber,37,30644.0,22880.0,0.3577,24701.0,18506.0,0.4899
Huber,38,30699.0,22909.0,0.3554,24670.0,18497.0,0.4912
Huber,39,30741.0,22935.0,0.3537,24670.0,18497.0,0.4912
Huber,40,30759.0,22960.0,0.353,24656.0,18479.0,0.4918
Huber,41,30816.0,23033.0,0.3506,24674.0,18485.0,0.491
Huber,42,30830.0,23010.0,0.35,24658.0,18476.0,0.4917
Huber,43,30844.0,23027.0,0.3494,24647.0,18463.0,0.4922
Huber,44,30857.0,23026.0,0.3489,24676.0,18462.0,0.4909
Huber,45,30860.0,23020.0,0.3488,24642.0,18401.0,0.4923
Huber,46,30733.0,22971.0,0.3541,24652.0,18455.0,0.4919
Huber,47,30747.0,22978.0,0.3536,24692.0,18508.0,0.4903
Huber,48,30708.0,22951.0,0.3552,24747.0,18648.0,0.488
Huber,49,30643.0,22895.0,0.3575,24953.0,18770.0,0.4795
Huber,50,30649.0,22912.0,0.3574,24903.0,18742.0,0.4815
Huber,51,30656.0,22914.0,0.3571,24951.0,18767.0,0.4796
Huber,52,30663.0,22921.0,0.3568,24943.0,18750.0,0.4799
Huber,53,30634.0,22902.0,0.358,25043.0,18838.0,0.4757
Huber,54,30669.0,22953.0,0.3565,24993.0,18761.0,0.4778
Huber,55,30693.0,22983.0,0.3555,24979.0,18766.0,0.4784
Huber,56,30682.0,22937.0,0.3558,24976.0,18687.0,0.4785
Huber,57,30679.0,22942.0,0.356,24952.0,18681.0,0.4795
Huber,58,30700.0,22955.0,0.3551,24993.0,18708.0,0.4778
Huber,59,31789.0,23465.0,0.3056,25306.0,18856.0,0.4646
Huber,60,31782.0,23472.0,0.306,25308.0,18853.0,0.4645
Huber,61,31816.0,23483.0,0.3046,25286.0,18841.0,0.4655
Huber,62,31837.0,23522.0,0.3035,25211.0,18809.0,0.4686
Huber,63,31815.0,23490.0,0.3045,25205.0,18807.0,0.4689
Huber,64,31855.0,23526.0,0.3028,25197.0,18798.0,0.4692
Huber,65,31745.0,23465.0,0.3076,25193.0,18832.0,0.4694
Huber,66,31763.0,23486.0,0.3068,25204.0,18836.0,0.4689
Huber,67,31783.0,23508.0,0.306,25184.0,18835.0,0.4698
Huber,68,31800.0,23516.0,0.3053,25192.0,18850.0,0.4694
Huber,69,31806.0,23535.0,0.305,25185.0,18840.0,0.4697
Huber,70,31882.0,23552.0,0.3019,25228.0,18862.0,0.4679
Huber,71,31959.0,23634.0,0.2988,25297.0,18916.0,0.465
Huber,72,31965.0,23627.0,0.2984,25362.0,18967.0,0.4622
Huber,73,31995.0,23636.0,0.2973,25349.0,18982.0,0.4628
Huber,74,32012.0,23629.0,0.2965,25336.0,18974.0,0.4633
Huber,75,32039.0,23650.0,0.2953,25325.0,18964.0,0.4638
Huber,76,32038.0,23639.0,0.2953,25313.0,18915.0,0.4643
Huber,77,32030.0,23629.0,0.2957,25326.0,18912.0,0.4638
Huber,78,32063.0,23676.0,0.2941,25373.0,18950.0,0.4618
Huber,79,32057.0,23688.0,0.2944,25400.0,18973.0,0.4607
Huber,80,32013.0,23648.0,0.2965,25443.0,19014.0,0.4588
Huber,81,32031.0,23758.0,0.2949,25623.0,19051.0,0.4511
Huber,82,32054.0,23777.0,0.2939,25576.0,19034.0,0.4531
Huber,83,32002.0,23745.0,0.2962,25646.0,19093.0,0.4501
Huber,84,31973.0,23732.0,0.2975,25655.0,19146.0,0.4498
Huber,85,31988.0,23754.0,0.2969,25639.0,19138.0,0.4505
Huber,86,32002.0,23643.0,0.296,25513.0,19109.0,0.4558
Huber,87,32018.0,23657.0,0.2954,25544.0,19128.0,0.4545
Huber,88,32031.0,23610.0,0.2948,25745.0,19193.0,0.4459
Huber,89,32046.0,23612.0,0.2941,25722.0,19188.0,0.4469
Huber,90,32039.0,23614.0,0.2945,25728.0,19205.0,0.4466
Huber,91,32043.0,23620.0,0.2943,25724.0,19203.0,0.4468
Huber,92,32072.0,23615.0,0.293,25832.0,19254.0,0.4422
Huber,93,32068.0,23590.0,0.2932,25872.0,19264.0,0.4404
Huber,94,32222.0,23807.0,0.2856,28106.0,20185.0,0.3396
Huber,95,32736.0,24000.0,0.2587,27603.0,20348.0,0.363
Huber,96,32728.0,24000.0,0.2593,27592.0,20331.0,0.3635
Huber,97,32773.0,24035.0,0.257,27580.0,20319.0,0.3641
Huber,98,32793.0,24061.0,0.2559,27518.0,20278.0,0.367
Huber,99,32813.0,24046.0,0.2556,27442.0,20236.0,0.3705
Huber,100,32870.0,24088.0,0.2538,27142.0,20019.0,0.3841
Huber,101,32886.0,24080.0,0.2529,27153.0,20021.0,0.3836
Huber,102,32820.0,24053.0,0.2556,27118.0,20002.0,0.3852
Huber,103,32861.0,24096.0,0.254,26938.0,19917.0,0.3934
Huber,104,32888.0,24125.0,0.2531,26891.0,19879.0,0.3955
Huber,105,32909.0,24158.0,0.252,26922.0,19908.0,0.3941
Huber,106,32844.0,24095.0,0.2547,26936.0,19911.0,0.3934
Huber,107,32916.0,24156.0,0.2517,26970.0,19936.0,0.3919
Huber,108,33025.0,24232.0,0.2465,26982.0,19943.0,0.3914
Huber,109,32932.0,24156.0,0.2504,26978.0,19934.0,0.3915
Huber,110,33034.0,24244.0,0.2461,26929.0,19912.0,0.3938
Huber,111,33043.0,24247.0,0.2459,27049.0,20014.0,0.3884
Huber,112,33000.0,24214.0,0.2477,27053.0,20014.0,0.3882
Huber,113,33078.0,24266.0,0.2443,26985.0,20016.0,0.3912
Huber,114,33056.0,24253.0,0.2445,26999.0,20045.0,0.3906
Huber,115,33113.0,24301.0,0.2421,27023.0,20069.0,0.3895
Huber,116,33052.0,24254.0,0.2449,27080.0,20174.0,0.3869
Huber,117,33023.0,24254.0,0.2466,27026.0,20120.0,0.3894
Huber,118,33043.0,24299.0,0.2458,27028.0,20112.0,0.3893
Huber,119,33009.0,24236.0,0.2473,27010.0,20096.0,0.3901
Huber,120,33032.0,24294.0,0.246,27034.0,20119.0,0.389
Huber,121,33036.0,24304.0,0.2459,27039.0,20116.0,0.3888
Huber,122,33295.0,24481.0,0.2346,27042.0,20114.0,0.3887
Huber,123,33343.0,24513.0,0.2321,27061.0,20159.0,0.3878
Huber,124,33310.0,24497.0,0.2336,27062.0,20159.0,0.3877
Huber,125,33375.0,24531.0,0.2308,27059.0,20162.0,0.3879
Huber,126,33364.0,24525.0,0.2313,27062.0,20165.0,0.3878
Huber,127,33364.0,24557.0,0.2312,27067.0,20173.0,0.3875
Huber,128,33428.0,24613.0,0.2282,27074.0,20164.0,0.3872
Huber,129,33290.0,24467.0,0.2349,27068.0,20053.0,0.3875
Huber,130,33324.0,24499.0,0.2334,27149.0,20098.0,0.3838
Huber,131,33270.0,24451.0,0.2357,27216.0,20119.0,0.3808
Huber,132,33326.0,24519.0,0.2335,27217.0,20126.0,0.3807
Huber,133,33431.0,24566.0,0.2289,27349.0,20181.0,0.3747
Huber,134,33369.0,24481.0,0.2314,27356.0,20229.0,0.3744
Huber,135,33490.0,24584.0,0.2262,27354.0,20226.0,0.3745
Huber,136,33494.0,24577.0,0.226,27350.0,20225.0,0.3746
Huber,137,33550.0,24671.0,0.2236,27349.0,20224.0,0.3747
Huber,138,33543.0,24684.0,0.224,27328.0,20210.0,0.3757
Huber,139,33560.0,24674.0,0.2233,27540.0,20380.0,0.3659
Huber,140,33499.0,24617.0,0.226,27294.0,20201.0,0.3772
XGBoost,5,32459.0,24278.0,0.2781,29191.0,22031.0,0.2876
XGBoost,6,32277.0,24250.0,0.2872,28481.0,21764.0,0.3219
XGBoost,7,31904.0,24042.0,0.304,28130.0,21377.0,0.3385
XGBoost,8,32191.0,24131.0,0.2918,28120.0,21631.0,0.3389
XGBoost,9,32177.0,24220.0,0.2921,27564.0,21274.0,0.3648
XGBoost,10,32165.0,24172.0,0.2931,26681.0,20698.0,0.4049
XGBoost,11,32342.0,24285.0,0.2852,27187.0,21105.0,0.3821
XGBoost,12,32025.0,24235.0,0.2991,27061.0,20989.0,0.3878
XGBoost,13,32121.0,24245.0,0.2949,27087.0,21038.0,0.3866
XGBoost,14,31740.0,24015.0,0.3114,27371.0,21132.0,0.3737
XGBoost,15,31562.0,23857.0,0.319,27099.0,20930.0,0.3861
XGBoost,16,31244.0,23708.0,0.3324,26651.0,20532.0,0.4062
XGBoost,17,31631.0,23944.0,0.3153,27117.0,20919.0,0.3853
XGBoost,18,31682.0,24011.0,0.3128,27068.0,20876.0,0.3875
XGBoost,19,31537.0,23894.0,0.3193,26458.0,20350.0,0.4148
XGBoost,20,31510.0,23867.0,0.3208,26496.0,20191.0,0.4131
XGBoost,21,31272.0,23720.0,0.3311,26757.0,20687.0,0.4015
XGBoost,22,31426.0,23740.0,0.3243,26691.0,20460.0,0.4044
XGBoost,23,31359.0,23657.0,0.3275,26863.0,20524.0,0.3967
XGBoost,24,31370.0,23660.0,0.3271,27213.0,20626.0,0.3809
XGBoost,25,31324.0,23688.0,0.3289,26645.0,20221.0,0.4065
XGBoost,26,30775.0,23469.0,0.3516,25988.0,19744.0,0.4354
XGBoost,27,30566.0,23206.0,0.3604,25897.0,19438.0,0.4394
XGBoost,28,30506.0,23194.0,0.3625,26368.0,19457.0,0.4187
XGBoost,29,30606.0,23334.0,0.3588,26131.0,19388.0,0.4292
XGBoost,30,30711.0,23441.0,0.3548,25939.0,19216.0,0.4375
XGBoost,31,30453.0,23152.0,0.3651,25985.0,19316.0,0.4355
XGBoost,32,30332.0,22996.0,0.3705,25666.0,19289.0,0.4493
XGBoost,33,30199.0,22961.0,0.3755,25487.0,19163.0,0.4569
XGBoost,34,30076.0,22879.0,0.3808,25423.0,19284.0,0.4597
XGBoost,35,30094.0,22826.0,0.3799,25434.0,19243.0,0.4592
XGBoost,36,29976.0,22708.0,0.3852,25763.0,19306.0,0.4451
XGBoost,37,29818.0,22744.0,0.3915,25789.0,19251.0,0.444
XGBoost,38,29964.0,22803.0,0.385,26024.0,19500.0,0.4338
XGBoost,39,29912.0,22767.0,0.3879,25772.0,19414.0,0.4447
XGBoost,40,30058.0,22822.0,0.3813,25826.0,19319.0,0.4424
XGBoost,41,29982.0,22815.0,0.3843,25979.0,19390.0,0.4358
XGBoost,42,30007.0,23027.0,0.3838,25490.0,19245.0,0.4568
XGBoost,43,29820.0,22729.0,0.3915,25740.0,19278.0,0.4461
XGBoost,44,29934.0,22748.0,0.3867,25555.0,19250.0,0.454
XGBoost,45,29893.0,22792.0,0.3885,25751.0,19320.0,0.4456
XGBoost,46,29770.0,22689.0,0.3933,25746.0,19283.0,0.4459
XGBoost,47,29769.0,22760.0,0.3936,25901.0,19186.0,0.4392
XGBoost,48,29737.0,22741.0,0.3949,25522.0,19248.0,0.4555
XGBoost,49,29644.0,22579.0,0.3987,25627.0,19112.0,0.451
XGBoost,50,29730.0,22589.0,0.3949,25967.0,19359.0,0.4363
XGBoost,51,29789.0,22756.0,0.3928,25696.0,19181.0,0.448
XGBoost,52,29639.0,22501.0,0.3991,25510.0,19144.0,0.4559
XGBoost,53,29871.0,22659.0,0.3894,25478.0,19177.0,0.4573
XGBoost,54,29772.0,22611.0,0.3935,25470.0,19108.0,0.4577
XGBoost,55,29751.0,22550.0,0.3938,25748.0,19257.0,0.4458
XGBoost,56,30044.0,22738.0,0.3816,25873.0,19322.0,0.4404
XGBoost,57,29949.0,22855.0,0.3859,25229.0,18990.0,0.4679
XGBoost,58,29890.0,22627.0,0.3886,25840.0,19249.0,0.4418
XGBoost,59,29837.0,22653.0,0.3906,25921.0,19276.0,0.4383
XGBoost,60,29879.0,22650.0,0.3889,25806.0,19384.0,0.4433
XGBoost,61,29888.0,22725.0,0.388,25662.0,19127.0,0.4495
XGBoost,62,29924.0,22832.0,0.3871,25421.0,19294.0,0.4598
XGBoost,63,29784.0,22597.0,0.3926,25437.0,19099.0,0.4591
XGBoost,64,29827.0,22731.0,0.3907,25710.0,19365.0,0.4474
XGBoost,65,29859.0,22638.0,0.3895,25464.0,19208.0,0.4579
XGBoost,66,29785.0,22591.0,0.3927,25327.0,18816.0,0.4637
XGBoost,67,29719.0,22624.0,0.3952,25313.0,18900.0,0.4644
XGBoost,68,29912.0,22830.0,0.3875,25295.0,19044.0,0.4651
XGBoost,69,29951.0,22808.0,0.3857,25207.0,18837.0,0.4688
XGBoost,70,30013.0,22797.0,0.3833,25329.0,18833.0,0.4637
XGBoost,71,29860.0,22732.0,0.3896,25319.0,18848.0,0.4641
XGBoost,72,29939.0,22859.0,0.3865,25392.0,19044.0,0.461
XGBoost,73,29916.0,22725.0,0.3872,25491.0,19169.0,0.4568
XGBoost,74,30012.0,22748.0,0.3835,24937.0,18752.0,0.4801
XGBoost,75,29858.0,22770.0,0.3893,25383.0,18932.0,0.4614
XGBoost,76,30083.0,22923.0,0.3805,25316.0,19157.0,0.4642
XGBoost,77,29857.0,22845.0,0.3898,25208.0,18721.0,0.4688
XGBoost,78,29759.0,22591.0,0.3941,25643.0,18988.0,0.4503
XGBoost,79,29801.0,22624.0,0.3922,25276.0,18943.0,0.4659
XGBoost,80,29782.0,22738.0,0.3923,25462.0,18936.0,0.458
XGBoost,81,29706.0,22606.0,0.3961,24593.0,18265.0,0.4944
XGBoost,82,29614.0,22646.0,0.3995,25021.0,18818.0,0.4766
XGBoost,83,29770.0,22705.0,0.3933,25142.0,18750.0,0.4716
XGBoost,84,29851.0,22701.0,0.3898,25038.0,18616.0,0.4759
XGBoost,85,29525.0,22501.0,0.4032,25385.0,18906.0,0.4613
XGBoost,86,29580.0,22485.0,0.401,25173.0,18941.0,0.4702
XGBoost,87,29757.0,22707.0,0.3941,25001.0,18706.0,0.4774
XGBoost,88,29694.0,22536.0,0.3965,25113.0,18916.0,0.4728
XGBoost,89,29559.0,22500.0,0.4019,25513.0,19015.0,0.4558
XGBoost,90,29572.0,22485.0,0.4009,25085.0,18839.0,0.474
XGBoost,91,29625.0,22614.0,0.3988,24891.0,18681.0,0.482
XGBoost,92,29605.0,22573.0,0.4,24847.0,18586.0,0.4839
XGBoost,93,29707.0,22672.0,0.3959,25020.0,18705.0,0.4767
XGBoost,94,29740.0,22660.0,0.3945,24875.0,18526.0,0.4827
XGBoost,95,29541.0,22461.0,0.4023,25056.0,18735.0,0.4752
XGBoost,96,29398.0,22486.0,0.4079,24481.0,18302.0,0.499
XGBoost,97,29442.0,22463.0,0.4061,24358.0,18137.0,0.504
XGBoost,98,29408.0,22308.0,0.4076,24782.0,18574.0,0.4866
XGBoost,99,29505.0,22455.0,0.404,24771.0,18697.0,0.487
XGBoost,100,29477.0,22430.0,0.4053,25130.0,18866.0,0.4721
XGBoost,101,29694.0,22654.0,0.3968,24827.0,18689.0,0.4847
XGBoost,102,29441.0,22363.0,0.4062,25010.0,18492.0,0.4771
XGBoost,103,29502.0,22428.0,0.4042,24816.0,18614.0,0.4852
XGBoost,104,29669.0,22600.0,0.3978,24323.0,18209.0,0.5054
XGBoost,105,29607.0,22577.0,0.3998,24692.0,18619.0,0.4903
XGBoost,106,29459.0,22419.0,0.4058,24628.0,18261.0,0.4929
XGBoost,107,29436.0,22507.0,0.4068,24063.0,18045.0,0.5159
XGBoost,108,29474.0,22536.0,0.4055,24870.0,18404.0,0.4829
XGBoost,109,29434.0,22514.0,0.4066,24437.0,18211.0,0.5007
XGBoost,110,29530.0,22384.0,0.4026,24619.0,18389.0,0.4933
XGBoost,111,29496.0,22550.0,0.4043,24690.0,18384.0,0.4904
XGBoost,112,29501.0,22374.0,0.404,24641.0,18468.0,0.4924
XGBoost,113,29468.0,22489.0,0.4054,24731.0,18487.0,0.4887
XGBoost,114,29559.0,22515.0,0.4019,24743.0,18648.0,0.4882
XGBoost,115,29522.0,22592.0,0.4027,24412.0,18276.0,0.5018
XGBoost,116,29586.0,22543.0,0.4008,24440.0,18188.0,0.5007
XGBoost,117,29505.0,22545.0,0.4031,24626.0,18346.0,0.493
XGBoost,118,29555.0,22515.0,0.4022,24560.0,18269.0,0.4957
XGBoost,119,29452.0,22338.0,0.4056,24651.0,18388.0,0.492
XGBoost,120,29543.0,22585.0,0.4021,24806.0,18440.0,0.4856
XGBoost,121,29562.0,22447.0,0.4013,24448.0,18446.0,0.5003
XGBoost,122,29375.0,22390.0,0.4092,24374.0,18306.0,0.5033
XGBoost,123,29354.0,22409.0,0.4098,24754.0,18399.0,0.4877
XGBoost,124,29483.0,22377.0,0.4049,24238.0,18025.0,0.5088
XGBoost,125,29508.0,22514.0,0.4037,24674.0,18395.0,0.491
XGBoost,126,29531.0,22454.0,0.403,24645.0,18443.0,0.4922
XGBoost,127,29622.0,22540.0,0.3988,24478.0,18294.0,0.4991
XGBoost,128,29698.0,22690.0,0.3958,24769.0,18411.0,0.4871
XGBoost,129,29519.0,22584.0,0.4032,24609.0,18451.0,0.4937
XGBoost,130,29519.0,22478.0,0.4035,24369.0,18270.0,0.5035
XGBoost,131,29420.0,22399.0,0.4074,24620.0,18426.0,0.4932
XGBoost,132,29565.0,22612.0,0.4015,24114.0,18062.0,0.5139
XGBoost,133,29532.0,22518.0,0.4027,24534.0,18285.0,0.4968
XGBoost,134,29531.0,22379.0,0.4034,24621.0,18459.0,0.4932
XGBoost,135,29467.0,22424.0,0.4053,24849.0,18675.0,0.4838
XGBoost,136,29273.0,22418.0,0.4133,24576.0,18433.0,0.4951
XGBoost,137,29337.0,22284.0,0.4108,24469.0,18279.0,0.4995
XGBoost,138,29508.0,22501.0,0.4037,24328.0,18096.0,0.5052
XGBoost,139,29278.0,22312.0,0.4131,24449.0,18298.0,0.5003
XGBoost,140,29485.0,22368.0,0.405,24258.0,18229.0,0.508
ElasticNet,5,31188.0,23661.0,0.3345,27520.0,21063.0,0.3668
ElasticNet,6,30736.0,23187.0,0.3538,26772.0,20412.0,0.4008
ElasticNet,7,30476.0,23040.0,0.3647,26279.0,20245.0,0.4226
ElasticNet,8,30240.0,22861.0,0.3745,26163.0,20179.0,0.4277
ElasticNet,9,30249.0,22879.0,0.374,26089.0,20128.0,0.431
ElasticNet,10,30108.0,22765.0,0.38,25767.0,19949.0,0.4449
ElasticNet,11,30126.0,22773.0,0.3793,25773.0,19955.0,0.4447
ElasticNet,12,30510.0,22908.0,0.3636,25888.0,19931.0,0.4397
ElasticNet,13,30517.0,22908.0,0.3633,25876.0,19918.0,0.4402
ElasticNet,14,30499.0,22897.0,0.364,25846.0,19893.0,0.4416
ElasticNet,15,30494.0,22900.0,0.3642,25813.0,19880.0,0.443
ElasticNet,16,30377.0,22869.0,0.3688,25449.0,19531.0,0.4585
ElasticNet,17,30429.0,22890.0,0.3665,25428.0,19526.0,0.4595
ElasticNet,18,30426.0,22892.0,0.3667,25396.0,19495.0,0.4608
ElasticNet,19,30319.0,22807.0,0.3712,25267.0,19301.0,0.4663
ElasticNet,20,30309.0,22797.0,0.3715,25310.0,19362.0,0.4645
ElasticNet,21,30299.0,22804.0,0.3719,25248.0,19349.0,0.4671
ElasticNet,22,30304.0,22812.0,0.3717,25273.0,19376.0,0.466
ElasticNet,23,30308.0,22817.0,0.3716,25293.0,19380.0,0.4652
ElasticNet,24,30232.0,22795.0,0.3746,25178.0,19267.0,0.47
ElasticNet,25,30251.0,22813.0,0.3739,25166.0,19261.0,0.4705
ElasticNet,26,30112.0,22712.0,0.3795,24930.0,18990.0,0.4804
ElasticNet,27,30024.0,22681.0,0.3832,24821.0,18910.0,0.4849
ElasticNet,28,29987.0,22677.0,0.3847,24828.0,18907.0,0.4847
ElasticNet,29,29993.0,22685.0,0.3844,24820.0,18899.0,0.485
ElasticNet,30,30014.0,22701.0,0.3835,24787.0,18883.0,0.4864
ElasticNet,31,29961.0,22602.0,0.3858,24723.0,18778.0,0.489
ElasticNet,32,29961.0,22606.0,0.3858,24713.0,18775.0,0.4894
ElasticNet,33,29966.0,22609.0,0.3855,24713.0,18775.0,0.4894
ElasticNet,34,29971.0,22616.0,0.3854,24683.0,18765.0,0.4907
ElasticNet,35,29964.0,22613.0,0.3857,24715.0,18770.0,0.4893
ElasticNet,36,29970.0,22619.0,0.3854,24723.0,18767.0,0.489
ElasticNet,37,29986.0,22630.0,0.3848,24725.0,18768.0,0.4889
ElasticNet,38,30000.0,22630.0,0.3842,24686.0,18708.0,0.4905
ElasticNet,39,30018.0,22655.0,0.3835,24694.0,18703.0,0.4902
ElasticNet,40,30023.0,22656.0,0.3833,24682.0,18687.0,0.4907
ElasticNet,41,30039.0,22683.0,0.3826,24695.0,18703.0,0.4902
ElasticNet,42,30058.0,22699.0,0.3819,24711.0,18701.0,0.4895
ElasticNet,43,30067.0,22721.0,0.3815,24755.0,18736.0,0.4877
ElasticNet,44,30074.0,22712.0,0.3812,24776.0,18741.0,0.4868
ElasticNet,45,30078.0,22721.0,0.381,24725.0,18676.0,0.4889
ElasticNet,46,30012.0,22667.0,0.3837,24716.0,18651.0,0.4893
ElasticNet,47,30021.0,22674.0,0.3834,24713.0,18648.0,0.4894
ElasticNet,48,29985.0,22626.0,0.3848,24738.0,18719.0,0.4884
ElasticNet,49,29877.0,22575.0,0.3891,24872.0,18859.0,0.4828
ElasticNet,50,29877.0,22576.0,0.3891,24851.0,18851.0,0.4837
ElasticNet,51,29877.0,22585.0,0.3891,24884.0,18874.0,0.4823
ElasticNet,52,29882.0,22588.0,0.3889,24884.0,18873.0,0.4823
ElasticNet,53,29858.0,22559.0,0.3899,25024.0,19031.0,0.4765
ElasticNet,54,29859.0,22559.0,0.3899,25007.0,18998.0,0.4772
ElasticNet,55,29871.0,22568.0,0.3893,25004.0,18998.0,0.4773
ElasticNet,56,29864.0,22514.0,0.3896,24995.0,18974.0,0.4777
ElasticNet,57,29870.0,22517.0,0.3893,24981.0,18964.0,0.4783
ElasticNet,58,29882.0,22524.0,0.3888,24983.0,18964.0,0.4782
ElasticNet,59,29994.0,22654.0,0.384,25169.0,18997.0,0.4704
ElasticNet,60,30002.0,22665.0,0.3837,25171.0,19003.0,0.4703
ElasticNet,61,30018.0,22678.0,0.3831,25160.0,18995.0,0.4708
ElasticNet,62,30023.0,22705.0,0.3829,25152.0,18987.0,0.4711
ElasticNet,63,30021.0,22695.0,0.3829,25148.0,18985.0,0.4713
ElasticNet,64,30045.0,22717.0,0.3819,25170.0,18994.0,0.4703
ElasticNet,65,29996.0,22689.0,0.3839,25136.0,18931.0,0.4718
ElasticNet,66,30003.0,22700.0,0.3837,25135.0,18930.0,0.4718
ElasticNet,67,30009.0,22703.0,0.3834,25132.0,18930.0,0.472
ElasticNet,68,30019.0,22711.0,0.383,25131.0,18923.0,0.472
ElasticNet,69,30028.0,22721.0,0.3826,25136.0,18928.0,0.4718
ElasticNet,70,30054.0,22720.0,0.3816,25120.0,18907.0,0.4725
ElasticNet,71,30104.0,22757.0,0.3796,25161.0,18955.0,0.4707
ElasticNet,72,30103.0,22766.0,0.3796,25181.0,18962.0,0.4699
ElasticNet,73,30111.0,22770.0,0.3793,25179.0,18960.0,0.47
ElasticNet,74,30116.0,22774.0,0.3791,25172.0,18952.0,0.4703
ElasticNet,75,30126.0,22783.0,0.3787,25167.0,18939.0,0.4705
ElasticNet,76,30127.0,22777.0,0.3786,25151.0,18886.0,0.4711
ElasticNet,77,30127.0,22777.0,0.3786,25154.0,18888.0,0.471
ElasticNet,78,30130.0,22782.0,0.3785,25160.0,18901.0,0.4708
ElasticNet,79,30124.0,22782.0,0.3787,25213.0,18945.0,0.4686
ElasticNet,80,30111.0,22742.0,0.3793,25234.0,18958.0,0.4676
ElasticNet,81,30036.0,22715.0,0.3821,25229.0,18985.0,0.4679
ElasticNet,82,30051.0,22726.0,0.3815,25183.0,18995.0,0.4698
ElasticNet,83,30018.0,22690.0,0.3829,25185.0,19029.0,0.4697
ElasticNet,84,30018.0,22689.0,0.3829,25200.0,19035.0,0.4691
ElasticNet,85,30015.0,22689.0,0.383,25290.0,19123.0,0.4653
ElasticNet,86,30015.0,22666.0,0.383,25241.0,19089.0,0.4674
ElasticNet,87,30023.0,22674.0,0.3827,25236.0,19083.0,0.4676
ElasticNet,88,29992.0,22638.0,0.384,25264.0,19054.0,0.4664
ElasticNet,89,30016.0,22656.0,0.383,25263.0,19055.0,0.4664
ElasticNet,90,30007.0,22644.0,0.3833,25247.0,19058.0,0.4671
ElasticNet,91,30004.0,22641.0,0.3834,25249.0,19058.0,0.467
ElasticNet,92,30028.0,22647.0,0.3825,25263.0,19050.0,0.4665
ElasticNet,93,30036.0,22649.0,0.3822,25269.0,19051.0,0.4662
ElasticNet,94,30085.0,22726.0,0.3801,25633.0,19283.0,0.4507
ElasticNet,95,30039.0,22681.0,0.3817,25559.0,19344.0,0.4539
ElasticNet,96,30042.0,22683.0,0.3816,25566.0,19347.0,0.4536
ElasticNet,97,30046.0,22689.0,0.3814,25571.0,19353.0,0.4534
ElasticNet,98,30050.0,22694.0,0.3812,25568.0,19352.0,0.4535
ElasticNet,99,30099.0,22734.0,0.3793,25453.0,19282.0,0.4584
ElasticNet,100,30092.0,22734.0,0.3796,25414.0,19257.0,0.4601
ElasticNet,101,30095.0,22736.0,0.3795,25409.0,19258.0,0.4603
ElasticNet,102,30101.0,22739.0,0.3793,25393.0,19228.0,0.4609
ElasticNet,103,30062.0,22722.0,0.3808,25292.0,19129.0,0.4652
ElasticNet,104,30068.0,22725.0,0.3805,25279.0,19120.0,0.4658
ElasticNet,105,30082.0,22740.0,0.3799,25312.0,19194.0,0.4644
ElasticNet,106,30087.0,22740.0,0.3797,25316.0,19199.0,0.4642
ElasticNet,107,30089.0,22742.0,0.3796,25318.0,19185.0,0.4641
ElasticNet,108,30086.0,22742.0,0.3798,25333.0,19206.0,0.4635
ElasticNet,109,30093.0,22745.0,0.3795,25333.0,19206.0,0.4635
ElasticNet,110,30088.0,22747.0,0.3797,25269.0,19163.0,0.4662
ElasticNet,111,30099.0,22759.0,0.3792,25270.0,19166.0,0.4661
ElasticNet,112,30102.0,22764.0,0.3791,25260.0,19152.0,0.4666
ElasticNet,113,30089.0,22764.0,0.3797,25224.0,19137.0,0.4681
ElasticNet,114,30097.0,22769.0,0.3793,25223.0,19137.0,0.4681
ElasticNet,115,30082.0,22760.0,0.38,25250.0,19155.0,0.467
ElasticNet,116,30075.0,22742.0,0.3803,25238.0,19155.0,0.4675
ElasticNet,117,30095.0,22761.0,0.3795,25239.0,19149.0,0.4674
ElasticNet,118,30106.0,22775.0,0.379,25243.0,19158.0,0.4673
ElasticNet,119,30109.0,22776.0,0.3789,25244.0,19156.0,0.4673
ElasticNet,120,30111.0,22777.0,0.3788,25243.0,19154.0,0.4673
ElasticNet,121,30098.0,22788.0,0.3793,25309.0,19206.0,0.4645
ElasticNet,122,30158.0,22838.0,0.3768,25286.0,19189.0,0.4655
ElasticNet,123,30176.0,22854.0,0.3761,25289.0,19194.0,0.4653
ElasticNet,124,30179.0,22856.0,0.376,25294.0,19196.0,0.4651
ElasticNet,125,30179.0,22863.0,0.3759,25295.0,19186.0,0.4651
ElasticNet,126,30187.0,22871.0,0.3756,25294.0,19187.0,0.4651
ElasticNet,127,30197.0,22877.0,0.3752,25293.0,19187.0,0.4652
ElasticNet,128,30231.0,22905.0,0.3738,25317.0,19204.0,0.4642
ElasticNet,129,30184.0,22857.0,0.3758,25355.0,19188.0,0.4626
ElasticNet,130,30189.0,22857.0,0.3756,25353.0,19188.0,0.4627
ElasticNet,131,30205.0,22872.0,0.375,25359.0,19192.0,0.4624
ElasticNet,132,30220.0,22880.0,0.3744,25363.0,19214.0,0.4622
ElasticNet,133,30241.0,22901.0,0.3735,25363.0,19214.0,0.4622
ElasticNet,134,30236.0,22898.0,0.3737,25354.0,19218.0,0.4626
ElasticNet,135,30244.0,22900.0,0.3734,25353.0,19215.0,0.4626
ElasticNet,136,30254.0,22915.0,0.373,25364.0,19219.0,0.4622
ElasticNet,137,30263.0,22926.0,0.3727,25374.0,19243.0,0.4617
ElasticNet,138,30247.0,22903.0,0.3733,25348.0,19247.0,0.4629
ElasticNet,139,30227.0,22897.0,0.3742,25300.0,19219.0,0.4649
ElasticNet,140,30232.0,22897.0,0.374,25305.0,19222.0,0.4647
